SampleID	ID	Sex	Study_Specimen_ID	group	RIN
CB_0001M_1_BR_Saline_C1_WGMRS_A36166_23377MLT3_GTACAACGAA	CB_0001M	Male	CBP_1_M_Saline	Saline	8.5
CB_0002M_1_BR_Saline_C1_WGMRS_A36167_23377MLT3_TCGTCATCTT	CB_0002M	Male	CBP_2_M_Saline	Saline	8.7
CB_0015F_1_BR_Saline_C1_WGMRS_A36168_23377MLT3_TTGAGTGCGG	CB_0015F	Female	CBP_15_F_Saline	Saline	8.4
CB_0016F_1_BR_Saline_C1_WGMRS_A36169_23377MLT3_CTAGGCTAGA	CB_0016F	Female	CBP_16_F_Saline	Saline	8.8
CB_0003M_1_BR_150MTX_C1_WGMRS_A36170_23377MLT3_CCTGACAGAG	CB_0003M	Male	CBP_3_M_150_MTX	MTX_150	8
CB_0004M_1_BR_150MTX_C1_WGMRS_A36171_23377MLT3_TGTGGTATAC	CB_0004M	Male	CBP_4_M_150_MTX	MTX_150	8.7
CB_0017F_1_BR_150MTX_C1_WGMRS_A36172_23377MLT3_CTTAAGTGAC	CB_0017F	Female	CBP_17_F_150_MTX	MTX_150	8.7
CB_0018F_1_BR_150MTX_C1_WGMRS_A36173_23377MLT3_CACAATCTCT	CB_0018F	Female	CBP_18_F_150_MTX	MTX_150	8.8
CB_0005M_1_BR_300MTX_C1_WGMRS_A36174_23377MLT3_GCCGAACCAA	CB_0005M	Male	CBP_5_M_300_MTX	MTX_300	8.8
CB_0006M_1_BR_300MTX_C1_WGMRS_A36175_23377MLT3_TGTCAAGCGT	CB_0006M	Male	CBP_6_M_300_MTX	MTX_300	8.9
CB_0019F_1_BR_300MTX_C1_WGMRS_A36176_23377MLT3_CTTGGCAGTG	CB_0019F	Female	CBP_19_F_300_MTX	MTX_300	8.6
CB_0020F_1_BR_300MTX_C1_WGMRS_A36177_23377MLT3_GCAATGTCGG	CB_0020F	Female	CBP_20_F_300_MTX	MTX_300	9
CB_0007M_1_BR_450MTX_C1_WGMRS_A36178_23377MLT3_ACATCGGCCT	CB_0007M	Male	CBP_7_M_450_MTX	MTX_450	8.5
CB_0008M_1_BR_450MTX_C1_WGMRS_A36179_23377MLT3_GGTCCTCAGA	CB_0008M	Male	CBP_7_F_450_MTX	MTX_450	8.9
CB_0021F_1_BR_450MTX_C1_WGMRS_A36180_23377MLT3_TGCGGATCTG	CB_0021F	Female	CBP_21_F_450_MTX	MTX_450	8.9
CB_0022F_1_BR_450MTX_C1_WGMRS_A36181_23377MLT3_CAGCTGCTTC	CB_0022F	Female	CBP_22_F_450_MTX	MTX_450	8.9
